{"cameraMode":{"drawMode":0,"name":"Shaded","section":"Shading Mode"},"sceneLighting":false,"audioPlay":false,"sceneViewState":{"m_AlwaysRefresh":false,"showFog":true,"showSkybox":false,"showFlares":true,"showImageEffects":true,"showParticleSystems":true,"showVisualEffectGraphs":true,"m_FxEnabled":true},"in2DMode":false,"pivot":{"x":1.0119351148605347,"y":6.8091864585876469,"z":-3.8791310787200929},"rotation":{"x":0.1741546392440796,"y":0.6332628130912781,"z":-0.14909620583057404,"w":0.7392534017562866},"size":0.9893572330474854,"orthographic":false}