{"cameraMode":{"drawMode":0,"name":"Shaded","section":"Shading Mode"},"sceneLighting":false,"audioPlay":false,"sceneViewState":{"m_AlwaysRefresh":false,"showFog":true,"showSkybox":false,"showFlares":true,"showImageEffects":true,"showParticleSystems":true,"showVisualEffectGraphs":true,"m_FxEnabled":true},"in2DMode":false,"pivot":{"x":13.785966873168946,"y":8.216987609863282,"z":-209.0421142578125},"rotation":{"x":0.17761406302452088,"y":0.7835566997528076,"z":-0.25942546129226687,"w":0.5360031723976135},"size":0.060623716562986377,"orthographic":false}